"ID","Tipo","SKU","Nombre","Publicado","¿Está destacado?","Visibilidad en el catálogo","Descripción corta","Descripción","Día en que empieza el precio rebajado","Día en que termina el precio rebajado","Estado del impuesto","Clase de impuesto","¿En inventario?","Inventario","Cantidad de bajo inventario","¿Permitir reservas de productos agotados?","¿Vendido individualmente?","Peso (kg)","Longitud (cm)","Anchura (cm)","Altura (cm)","¿Permitir valoraciones de clientes?","Nota de compra","Precio rebajado","Precio normal","Categorías","Etiquetas","Clase de envío","Imágenes","Límite de descargas","Días de caducidad de la descarga","Superior","Productos agrupados","Ventas dirigidas","Ventas cruzadas","URL externa","Texto del botón","Posición","Fixed Tiered Prices","Nombre del atributo 1","Valor(es) del atributo 1","Atributo visible 1","Atributo global 1","Meta: wcz_pps_price_prefix","Meta: site-sidebar-layout","Meta: site-content-layout","Meta: theme-transparent-header-meta","Meta: precio_menudeo","Meta: _precio_menudeo","Meta: precio_mayoreo","Meta: _precio_mayoreo","Nombre del atributo 2","Valor(es) del atributo 2","Atributo visible 2","Atributo global 2","Meta: _wp_page_template","Nombre del atributo 3","Valor(es) del atributo 3","Atributo visible 3","Atributo global 3"
"790209605440","variable","1060050","PAPEL AMERICA APSA (ROLLO) 70 CM X 5 MT 50)","1","0","visible","PAPEL AMERICA APSA (ROLLO) 70x5","PAPEL AMERICA APSA (ROLLO) 70 CM X 5 MT","","","taxable","","1","","","0","0","","","","","1","","","32.526399999999995","PAPELES > PAPELES > EXTENDIDOS > AMERICA","","","https://grupopapelerogutierrez.com.mx/wp-content/uploads/2020/07/790209605440.jpg, https://grupopapelerogutierrez.com.mx/wp-content/uploads/2020/06/790209605358.jpg, https://grupopapelerogutierrez.com.mx/wp-content/uploads/2020/06/NO-FOTO-1.png, https://grupopapelerogutierrez.com.mx/wp-content/uploads/2020/06/790209605419.jpg, https://grupopapelerogutierrez.com.mx/wp-content/uploads/2020/06/790209605433.jpg, https://grupopapelerogutierrez.com.mx/wp-content/uploads/2020/06/790209605402.jpg, https://grupopapelerogutierrez.com.mx/wp-content/uploads/2020/06/790209605341.jpg, https://grupopapelerogutierrez.com.mx/wp-content/uploads/2020/06/NO-FOTO-1.png, https://grupopapelerogutierrez.com.mx/wp-content/uploads/2020/06/NO-FOTO-1.png, https://grupopapelerogutierrez.com.mx/wp-content/uploads/2020/06/790209605426.jpg, https://grupopapelerogutierrez.com.mx/wp-content/uploads/2020/06/790209605396.jpg, https://grupopapelerogutierrez.com.mx/wp-content/uploads/2020/06/790209605327.jpg, https://grupopapelerogutierrez.com.mx/wp-content/uploads/2020/06/790209605303.jpg, https://grupopapelerogutierrez.com.mx/wp-content/uploads/2020/06/790209605389.jpg, https://grupopapelerogutierrez.com.mx/wp-content/uploads/2020/06/790209605372.jpg, https://grupopapelerogutierrez.com.mx/wp-content/uploads/2020/06/790209605457.jpg, https://grupopapelerogutierrez.com.mx/wp-content/uploads/2020/06/790209605471.jpg, https://grupopapelerogutierrez.com.mx/wp-content/uploads/2020/06/790209605310.jpg, https://grupopapelerogutierrez.com.mx/wp-content/uploads/2020/06/NO-FOTO-1.png, https://grupopapelerogutierrez.com.mx/wp-content/uploads/2020/06/790209605358.jpg, https://grupopapelerogutierrez.com.mx/wp-content/uploads/2020/06/NO-FOTO-1.png, https://grupopapelerogutierrez.com.mx/wp-content/uploads/2020/06/790209605419.jpg, https://grupopapelerogutierrez.com.mx/wp-content/uploads/2020/06/790209605433.jpg, https://grupopapelerogutierrez.com.mx/wp-content/uploads/2020/06/790209605402.jpg, https://grupopapelerogutierrez.com.mx/wp-content/uploads/2020/06/790209605341.jpg, https://grupopapelerogutierrez.com.mx/wp-content/uploads/2020/06/NO-FOTO-1.png, https://grupopapelerogutierrez.com.mx/wp-content/uploads/2020/06/NO-FOTO-1.png, https://grupopapelerogutierrez.com.mx/wp-content/uploads/2020/06/790209605426.jpg, https://grupopapelerogutierrez.com.mx/wp-content/uploads/2020/06/790209605396.jpg, https://grupopapelerogutierrez.com.mx/wp-content/uploads/2020/06/790209605327.jpg, https://grupopapelerogutierrez.com.mx/wp-content/uploads/2020/06/790209605303.jpg, https://grupopapelerogutierrez.com.mx/wp-content/uploads/2020/06/790209605389.jpg, https://grupopapelerogutierrez.com.mx/wp-content/uploads/2020/06/790209605372.jpg, https://grupopapelerogutierrez.com.mx/wp-content/uploads/2020/06/790209605457.jpg, https://grupopapelerogutierrez.com.mx/wp-content/uploads/2020/06/790209605471.jpg, https://grupopapelerogutierrez.com.mx/wp-content/uploads/2020/06/790209605310.jpg, https://grupopapelerogutierrez.com.mx/wp-content/uploads/2020/06/NO-FOTO-1.png, ","","","","","","","","","0.0","","MARCA","APSA","1","1","","default","default","default","No aplica","field_5fbf2c1eaa078","No aplica","field_5fbf2c2daa079","PRESENTACION","AMARILLO, AZUL, AZUL REY, BLANCO, CAFÉ, CREMA, GRIS, LILA, MARINO, NARANJA, NEGRO, OBISPO, ROJO, ROSA MEX, ROSA PASTEL, SALMON, TURQUESA, VDE BANDERA, VERDE PASTEL, AZUL, AZUL REY, BLANCO, CAFÉ, CREMA, GRIS, LILA, MARINO, NARANJA, NEGRO, OBISPO, ROJO, ROSA MEX, ROSA PASTEL, SALMON, TURQUESA, VDE BANDERA, VERDE PASTEL, ","1","0","default","ATRIBUTO","","1","0"
"790209605358","variation","1060051","PAPEL AMERICA APSA (ROLLO) 70 CM X 5 MT AZUL PASTEL 105, Pieza","1","0","visible","","PAPEL AMERICA APSA (ROLLO) 70 CM X 5 MT AZUL PASTEL 105","","","taxable","parent","1","","","0","0","","","","","0","","","32.526399999999995","","","","https://grupopapelerogutierrez.com.mx/wp-content/uploads/2020/06/790209605358.jpg","","","1060050","","","","","","1.0","","PRESENTACION","PIEZA","","0","","","","","No aplica","field_5fbf2c1eaa078","No aplica","field_5fbf2c2daa079","ATRIBUTO","AZUL","","0","","","","",""
"790209605334","variation","1060052","PAPEL AMERICA APSA (ROLLO) 70 CM X 5 MT AZUL REY 103, Pieza","1","0","visible","","PAPEL AMERICA APSA (ROLLO) 70 CM X 5 MT AZUL REY 103","","","taxable","parent","1","","","0","0","","","","","0","","","32.526399999999995","","","","https://grupopapelerogutierrez.com.mx/wp-content/uploads/2020/06/NO-FOTO-1.png","","","1060050","","","","","","2.0","","PRESENTACION","PIEZA","","0","","","","","No aplica","field_5fbf2c1eaa078","No aplica","field_5fbf2c2daa079","ATRIBUTO","AZUL REY","","0","","","","",""
"790209605419","variation","1060053","PAPEL AMERICA APSA (ROLLO) 70 CM X 5 MT BLANCO 111, Pieza","1","0","visible","","PAPEL AMERICA APSA (ROLLO) 70 CM X 5 MT BLANCO 111","","","taxable","parent","1","","","0","0","","","","","0","","","32.526399999999995","","","","https://grupopapelerogutierrez.com.mx/wp-content/uploads/2020/06/790209605419.jpg","","","1060050","","","","","","3.0","","PRESENTACION","PIEZA","","0","","","","","No aplica","field_5fbf2c1eaa078","No aplica","field_5fbf2c2daa079","ATRIBUTO","BLANCO","","0","","","","",""
"790209605433","variation","1060054","PAPEL AMERICA APSA (ROLLO) 70 CM X 5 MT CAFE 113, Pieza","1","0","visible","","PAPEL AMERICA APSA (ROLLO) 70 CM X 5 MT CAFE 113","","","taxable","parent","1","","","0","0","","","","","0","","","32.526399999999995","","","","https://grupopapelerogutierrez.com.mx/wp-content/uploads/2020/06/790209605433.jpg","","","1060050","","","","","","4.0","","PRESENTACION","PIEZA","","0","","","","","No aplica","field_5fbf2c1eaa078","No aplica","field_5fbf2c2daa079","ATRIBUTO","CAFÉ","","0","","","","",""
"790209605402","variation","1060055","PAPEL AMERICA APSA (ROLLO) 70 CM X 5 MT CREMA 110, Pieza","1","0","visible","","PAPEL AMERICA APSA (ROLLO) 70 CM X 5 MT CREMA 110","","","taxable","parent","1","","","0","0","","","","","0","","","32.526399999999995","","","","https://grupopapelerogutierrez.com.mx/wp-content/uploads/2020/06/790209605402.jpg","","","1060050","","","","","","5.0","","PRESENTACION","PIEZA","","0","","","","","No aplica","field_5fbf2c1eaa078","No aplica","field_5fbf2c2daa079","ATRIBUTO","CREMA","","0","","","","",""
"790209605341","variation","1060056","PAPEL AMERICA APSA (ROLLO) 70 CM X 5 MT GRIS 104, Pieza","1","0","visible","","PAPEL AMERICA APSA (ROLLO) 70 CM X 5 MT GRIS 104","","","taxable","parent","1","","","0","0","","","","","0","","","32.526399999999995","","","","https://grupopapelerogutierrez.com.mx/wp-content/uploads/2020/06/790209605341.jpg","","","1060050","","","","","","6.0","","PRESENTACION","PIEZA","","0","","","","","No aplica","field_5fbf2c1eaa078","No aplica","field_5fbf2c2daa079","ATRIBUTO","GRIS","","0","","","","",""
"790209605464","variation","1060057","PAPEL AMERICA APSA (ROLLO) 70 CM X 5 MT LILA 116, Pieza","1","0","visible","","PAPEL AMERICA APSA (ROLLO) 70 CM X 5 MT LILA 116","","","taxable","parent","1","","","0","0","","","","","0","","","32.526399999999995","","","","https://grupopapelerogutierrez.com.mx/wp-content/uploads/2020/06/NO-FOTO-1.png","","","1060050","","","","","","7.0","","PRESENTACION","PIEZA","","0","","","","","No aplica","field_5fbf2c1eaa078","No aplica","field_5fbf2c2daa079","ATRIBUTO","LILA","","0","","","","",""
"790209605488","variation","1060058","PAPEL AMERICA APSA (ROLLO) 70 CM X 5 MT MARINO 118, Pieza","1","0","visible","","PAPEL AMERICA APSA (ROLLO) 70 CM X 5 MT MARINO 118","","","taxable","parent","1","","","0","0","","","","","0","","","32.526399999999995","","","","https://grupopapelerogutierrez.com.mx/wp-content/uploads/2020/06/NO-FOTO-1.png","","","1060050","","","","","","8.0","","PRESENTACION","PIEZA","","0","","","","","No aplica","field_5fbf2c1eaa078","No aplica","field_5fbf2c2daa079","ATRIBUTO","MARINO","","0","","","","",""
"790209605426","variation","1060059","PAPEL AMERICA APSA (ROLLO) 70 CM X 5 MT NARANJA 112, Pieza","1","0","visible","","PAPEL AMERICA APSA (ROLLO) 70 CM X 5 MT NARANJA 112","","","taxable","parent","1","","","0","0","","","","","0","","","32.526399999999995","","","","https://grupopapelerogutierrez.com.mx/wp-content/uploads/2020/06/790209605426.jpg","","","1060050","","","","","","9.0","","PRESENTACION","PIEZA","","0","","","","","No aplica","field_5fbf2c1eaa078","No aplica","field_5fbf2c2daa079","ATRIBUTO","NARANJA","","0","","","","",""
"790209605396","variation","1060060","PAPEL AMERICA APSA (ROLLO) 70 CM X 5 MT NEGRO 109, Pieza","1","0","visible","","PAPEL AMERICA APSA (ROLLO) 70 CM X 5 MT NEGRO 109","","","taxable","parent","1","","","0","0","","","","","0","","","32.526399999999995","","","","https://grupopapelerogutierrez.com.mx/wp-content/uploads/2020/06/790209605396.jpg","","","1060050","","","","","","10.0","","PRESENTACION","PIEZA","","0","","","","","No aplica","field_5fbf2c1eaa078","No aplica","field_5fbf2c2daa079","ATRIBUTO","NEGRO","","0","","","","",""
"790209605327","variation","1060061","PAPEL AMERICA APSA (ROLLO) 70 CM X 5 MT OBISPO 102, Pieza","1","0","visible","","PAPEL AMERICA APSA (ROLLO) 70 CM X 5 MT OBISPO 102","","","taxable","parent","1","","","0","0","","","","","0","","","32.526399999999995","","","","https://grupopapelerogutierrez.com.mx/wp-content/uploads/2020/06/790209605327.jpg","","","1060050","","","","","","11.0","","PRESENTACION","PIEZA","","0","","","","","No aplica","field_5fbf2c1eaa078","No aplica","field_5fbf2c2daa079","ATRIBUTO","OBISPO","","0","","","","",""
"790209605303","variation","1060062","PAPEL AMERICA APSA (ROLLO) 70 CM X 5 MT ROJO 100, Pieza","1","0","visible","","PAPEL AMERICA APSA (ROLLO) 70 CM X 5 MT ROJO 100","","","taxable","parent","1","","","0","0","","","","","0","","","32.526399999999995","","","","https://grupopapelerogutierrez.com.mx/wp-content/uploads/2020/06/790209605303.jpg","","","1060050","","","","","","12.0","","PRESENTACION","PIEZA","","0","","","","","No aplica","field_5fbf2c1eaa078","No aplica","field_5fbf2c2daa079","ATRIBUTO","ROJO","","0","","","","",""
"790209605389","variation","1060063","PAPEL AMERICA APSA (ROLLO) 70 CM X 5 MT ROSA MEXICANO 108, Pieza","1","0","visible","","PAPEL AMERICA APSA (ROLLO) 70 CM X 5 MT ROSA MEXICANO 108","","","taxable","parent","1","","","0","0","","","","","0","","","32.526399999999995","","","","https://grupopapelerogutierrez.com.mx/wp-content/uploads/2020/06/790209605389.jpg","","","1060050","","","","","","13.0","","PRESENTACION","PIEZA","","0","","","","","No aplica","field_5fbf2c1eaa078","No aplica","field_5fbf2c2daa079","ATRIBUTO","ROSA MEX","","0","","","","",""
"790209605372","variation","1060064","PAPEL AMERICA APSA (ROLLO) 70 CM X 5 MT ROSA PASTEL 107, Pieza","1","0","visible","","PAPEL AMERICA APSA (ROLLO) 70 CM X 5 MT ROSA PASTEL 107","","","taxable","parent","1","","","0","0","","","","","0","","","32.526399999999995","","","","https://grupopapelerogutierrez.com.mx/wp-content/uploads/2020/06/790209605372.jpg","","","1060050","","","","","","14.0","","PRESENTACION","PIEZA","","0","","","","","No aplica","field_5fbf2c1eaa078","No aplica","field_5fbf2c2daa079","ATRIBUTO","ROSA PASTEL","","0","","","","",""
"790209605457","variation","1060065","PAPEL AMERICA APSA (ROLLO) 70 CM X 5 MT SALMON 115, Pieza","1","0","visible","","PAPEL AMERICA APSA (ROLLO) 70 CM X 5 MT SALMON 115","","","taxable","parent","1","","","0","0","","","","","0","","","32.526399999999995","","","","https://grupopapelerogutierrez.com.mx/wp-content/uploads/2020/06/790209605457.jpg","","","1060050","","","","","","15.0","","PRESENTACION","PIEZA","","0","","","","","No aplica","field_5fbf2c1eaa078","No aplica","field_5fbf2c2daa079","ATRIBUTO","SALMON","","0","","","","",""
"790209605471","variation","1060066","PAPEL AMERICA APSA (ROLLO) 70 CM X 5 MT TURQUESA 117, Pieza","1","0","visible","","PAPEL AMERICA APSA (ROLLO) 70 CM X 5 MT TURQUESA 117","","","taxable","parent","1","","","0","0","","","","","0","","","32.526399999999995","","","","https://grupopapelerogutierrez.com.mx/wp-content/uploads/2020/06/790209605471.jpg","","","1060050","","","","","","16.0","","PRESENTACION","PIEZA","","0","","","","","No aplica","field_5fbf2c1eaa078","No aplica","field_5fbf2c2daa079","ATRIBUTO","TURQUESA","","0","","","","",""
"790209605310","variation","1060067","PAPEL AMERICA APSA (ROLLO) 70 CM X 5 MT VERDE BANDERA 101, Pieza","1","0","visible","","PAPEL AMERICA APSA (ROLLO) 70 CM X 5 MT VERDE BANDERA 101","","","taxable","parent","1","","","0","0","","","","","0","","","32.526399999999995","","","","https://grupopapelerogutierrez.com.mx/wp-content/uploads/2020/06/790209605310.jpg","","","1060050","","","","","","17.0","","PRESENTACION","PIEZA","","0","","","","","No aplica","field_5fbf2c1eaa078","No aplica","field_5fbf2c2daa079","ATRIBUTO","VDE BANDERA","","0","","","","",""
"790209605365","variation","1060068","PAPEL AMERICA APSA (ROLLO) 70 CM X 5 MT VERDE PASTEL 106, Pieza","1","0","visible","","PAPEL AMERICA APSA (ROLLO) 70 CM X 5 MT VERDE PASTEL 106","","","taxable","parent","1","","","0","0","","","","","0","","","32.526399999999995","","","","https://grupopapelerogutierrez.com.mx/wp-content/uploads/2020/06/NO-FOTO-1.png","","","1060050","","","","","","18.0","","PRESENTACION","PIEZA","","0","","","","","No aplica","field_5fbf2c1eaa078","No aplica","field_5fbf2c2daa079","ATRIBUTO","VERDE PASTEL","","0","","","","",""
"790209605259","variation","2-1060051","PAPEL AMERICA APSA (ROLLO) 70 CM X 5 MT AZUL PASTEL 105, CAJA C/30","1","0","visible","","PAPEL AMERICA APSA (ROLLO) 70 CM X 5 MT AZUL PASTEL 105","","","taxable","parent","1","","","0","0","","","","","0","","","975.7919999999999","","","","https://grupopapelerogutierrez.com.mx/wp-content/uploads/2020/06/790209605358.jpg","","","1060050","","","","","","19.0","","PRESENTACION","CAJA C/30","","0","","","","","No aplica","field_5fbf2c1eaa078","No aplica","field_5fbf2c2daa079","ATRIBUTO","AZUL","","0","","","","",""
"790209605235","variation","2-1060052","PAPEL AMERICA APSA (ROLLO) 70 CM X 5 MT AZUL REY 103, CAJA C/30","1","0","visible","","PAPEL AMERICA APSA (ROLLO) 70 CM X 5 MT AZUL REY 103","","","taxable","parent","1","","","0","0","","","","","0","","","975.7919999999999","","","","https://grupopapelerogutierrez.com.mx/wp-content/uploads/2020/06/NO-FOTO-1.png","","","1060050","","","","","","20.0","","PRESENTACION","CAJA C/30","","0","","","","","No aplica","field_5fbf2c1eaa078","No aplica","field_5fbf2c2daa079","ATRIBUTO","AZUL REY","","0","","","","",""
"790209605716","variation","2-1060053","PAPEL AMERICA APSA (ROLLO) 70 CM X 5 MT BLANCO 111, CAJA C/30","1","0","visible","","PAPEL AMERICA APSA (ROLLO) 70 CM X 5 MT BLANCO 111","","","taxable","parent","1","","","0","0","","","","","0","","","975.7919999999999","","","","https://grupopapelerogutierrez.com.mx/wp-content/uploads/2020/06/790209605419.jpg","","","1060050","","","","","","21.0","","PRESENTACION","CAJA C/30","","0","","","","","No aplica","field_5fbf2c1eaa078","No aplica","field_5fbf2c2daa079","ATRIBUTO","BLANCO","","0","","","","",""
"790209605730","variation","2-1060054","PAPEL AMERICA APSA (ROLLO) 70 CM X 5 MT CAFE 113, CAJA C/30","1","0","visible","","PAPEL AMERICA APSA (ROLLO) 70 CM X 5 MT CAFE 113","","","taxable","parent","1","","","0","0","","","","","0","","","975.7919999999999","","","","https://grupopapelerogutierrez.com.mx/wp-content/uploads/2020/06/790209605433.jpg","","","1060050","","","","","","22.0","","PRESENTACION","CAJA C/30","","0","","","","","No aplica","field_5fbf2c1eaa078","No aplica","field_5fbf2c2daa079","ATRIBUTO","CAFÉ","","0","","","","",""
"790209605709","variation","2-1060055","PAPEL AMERICA APSA (ROLLO) 70 CM X 5 MT CREMA 110, CAJA C/30","1","0","visible","","PAPEL AMERICA APSA (ROLLO) 70 CM X 5 MT CREMA 110","","","taxable","parent","1","","","0","0","","","","","0","","","975.7919999999999","","","","https://grupopapelerogutierrez.com.mx/wp-content/uploads/2020/06/790209605402.jpg","","","1060050","","","","","","23.0","","PRESENTACION","CAJA C/30","","0","","","","","No aplica","field_5fbf2c1eaa078","No aplica","field_5fbf2c2daa079","ATRIBUTO","CREMA","","0","","","","",""
"790209605242","variation","2-1060056","PAPEL AMERICA APSA (ROLLO) 70 CM X 5 MT GRIS 104, CAJA C/30","1","0","visible","","PAPEL AMERICA APSA (ROLLO) 70 CM X 5 MT GRIS 104","","","taxable","parent","1","","","0","0","","","","","0","","","975.7919999999999","","","","https://grupopapelerogutierrez.com.mx/wp-content/uploads/2020/06/790209605341.jpg","","","1060050","","","","","","24.0","","PRESENTACION","CAJA C/30","","0","","","","","No aplica","field_5fbf2c1eaa078","No aplica","field_5fbf2c2daa079","ATRIBUTO","GRIS","","0","","","","",""
"790209605761","variation","2-1060057","PAPEL AMERICA APSA (ROLLO) 70 CM X 5 MT LILA 116, CAJA C/30","1","0","visible","","PAPEL AMERICA APSA (ROLLO) 70 CM X 5 MT LILA 116","","","taxable","parent","1","","","0","0","","","","","0","","","975.7919999999999","","","","https://grupopapelerogutierrez.com.mx/wp-content/uploads/2020/06/NO-FOTO-1.png","","","1060050","","","","","","25.0","","PRESENTACION","CAJA C/30","","0","","","","","No aplica","field_5fbf2c1eaa078","No aplica","field_5fbf2c2daa079","ATRIBUTO","LILA","","0","","","","",""
"790209605785","variation","2-1060058","PAPEL AMERICA APSA (ROLLO) 70 CM X 5 MT MARINO 118, CAJA C/30","1","0","visible","","PAPEL AMERICA APSA (ROLLO) 70 CM X 5 MT MARINO 118","","","taxable","parent","1","","","0","0","","","","","0","","","975.7919999999999","","","","https://grupopapelerogutierrez.com.mx/wp-content/uploads/2020/06/NO-FOTO-1.png","","","1060050","","","","","","26.0","","PRESENTACION","CAJA C/30","","0","","","","","No aplica","field_5fbf2c1eaa078","No aplica","field_5fbf2c2daa079","ATRIBUTO","MARINO","","0","","","","",""
"790209605723","variation","2-1060059","PAPEL AMERICA APSA (ROLLO) 70 CM X 5 MT NARANJA 112, CAJA C/30","1","0","visible","","PAPEL AMERICA APSA (ROLLO) 70 CM X 5 MT NARANJA 112","","","taxable","parent","1","","","0","0","","","","","0","","","975.7919999999999","","","","https://grupopapelerogutierrez.com.mx/wp-content/uploads/2020/06/790209605426.jpg","","","1060050","","","","","","27.0","","PRESENTACION","CAJA C/30","","0","","","","","No aplica","field_5fbf2c1eaa078","No aplica","field_5fbf2c2daa079","ATRIBUTO","NARANJA","","0","","","","",""
"790209605297","variation","2-1060060","PAPEL AMERICA APSA (ROLLO) 70 CM X 5 MT NEGRO 109, CAJA C/30","1","0","visible","","PAPEL AMERICA APSA (ROLLO) 70 CM X 5 MT NEGRO 109","","","taxable","parent","1","","","0","0","","","","","0","","","975.7919999999999","","","","https://grupopapelerogutierrez.com.mx/wp-content/uploads/2020/06/790209605396.jpg","","","1060050","","","","","","28.0","","PRESENTACION","CAJA C/30","","0","","","","","No aplica","field_5fbf2c1eaa078","No aplica","field_5fbf2c2daa079","ATRIBUTO","NEGRO","","0","","","","",""
"790209605228","variation","2-1060061","PAPEL AMERICA APSA (ROLLO) 70 CM X 5 MT OBISPO 102, CAJA C/30","1","0","visible","","PAPEL AMERICA APSA (ROLLO) 70 CM X 5 MT OBISPO 102","","","taxable","parent","1","","","0","0","","","","","0","","","975.7919999999999","","","","https://grupopapelerogutierrez.com.mx/wp-content/uploads/2020/06/790209605327.jpg","","","1060050","","","","","","29.0","","PRESENTACION","CAJA C/30","","0","","","","","No aplica","field_5fbf2c1eaa078","No aplica","field_5fbf2c2daa079","ATRIBUTO","OBISPO","","0","","","","",""
"790209605204","variation","2-1060062","PAPEL AMERICA APSA (ROLLO) 70 CM X 5 MT ROJO 100, CAJA C/30","1","0","visible","","PAPEL AMERICA APSA (ROLLO) 70 CM X 5 MT ROJO 100","","","taxable","parent","1","","","0","0","","","","","0","","","975.7919999999999","","","","https://grupopapelerogutierrez.com.mx/wp-content/uploads/2020/06/790209605303.jpg","","","1060050","","","","","","30.0","","PRESENTACION","CAJA C/30","","0","","","","","No aplica","field_5fbf2c1eaa078","No aplica","field_5fbf2c2daa079","ATRIBUTO","ROJO","","0","","","","",""
"790209605280","variation","2-1060063","PAPEL AMERICA APSA (ROLLO) 70 CM X 5 MT ROSA MEXICANO 108, CAJA C/30","1","0","visible","","PAPEL AMERICA APSA (ROLLO) 70 CM X 5 MT ROSA MEXICANO 108","","","taxable","parent","1","","","0","0","","","","","0","","","975.7919999999999","","","","https://grupopapelerogutierrez.com.mx/wp-content/uploads/2020/06/790209605389.jpg","","","1060050","","","","","","31.0","","PRESENTACION","CAJA C/30","","0","","","","","No aplica","field_5fbf2c1eaa078","No aplica","field_5fbf2c2daa079","ATRIBUTO","ROSA MEX","","0","","","","",""
"790209605273","variation","2-1060064","PAPEL AMERICA APSA (ROLLO) 70 CM X 5 MT ROSA PASTEL 107, CAJA C/30","1","0","visible","","PAPEL AMERICA APSA (ROLLO) 70 CM X 5 MT ROSA PASTEL 107","","","taxable","parent","1","","","0","0","","","","","0","","","975.7919999999999","","","","https://grupopapelerogutierrez.com.mx/wp-content/uploads/2020/06/790209605372.jpg","","","1060050","","","","","","32.0","","PRESENTACION","CAJA C/30","","0","","","","","No aplica","field_5fbf2c1eaa078","No aplica","field_5fbf2c2daa079","ATRIBUTO","ROSA PASTEL","","0","","","","",""
"790209605754","variation","2-1060065","PAPEL AMERICA APSA (ROLLO) 70 CM X 5 MT SALMON 115, CAJA C/30","1","0","visible","","PAPEL AMERICA APSA (ROLLO) 70 CM X 5 MT SALMON 115","","","taxable","parent","1","","","0","0","","","","","0","","","975.7919999999999","","","","https://grupopapelerogutierrez.com.mx/wp-content/uploads/2020/06/790209605457.jpg","","","1060050","","","","","","33.0","","PRESENTACION","CAJA C/30","","0","","","","","No aplica","field_5fbf2c1eaa078","No aplica","field_5fbf2c2daa079","ATRIBUTO","SALMON","","0","","","","",""
"790209605778","variation","2-1060066","PAPEL AMERICA APSA (ROLLO) 70 CM X 5 MT TURQUESA 117, CAJA C/30","1","0","visible","","PAPEL AMERICA APSA (ROLLO) 70 CM X 5 MT TURQUESA 117","","","taxable","parent","1","","","0","0","","","","","0","","","975.7919999999999","","","","https://grupopapelerogutierrez.com.mx/wp-content/uploads/2020/06/790209605471.jpg","","","1060050","","","","","","34.0","","PRESENTACION","CAJA C/30","","0","","","","","No aplica","field_5fbf2c1eaa078","No aplica","field_5fbf2c2daa079","ATRIBUTO","TURQUESA","","0","","","","",""
"790209605211","variation","2-1060067","PAPEL AMERICA APSA (ROLLO) 70 CM X 5 MT VERDE BANDERA 101, CAJA C/30","1","0","visible","","PAPEL AMERICA APSA (ROLLO) 70 CM X 5 MT VERDE BANDERA 101","","","taxable","parent","1","","","0","0","","","","","0","","","975.7919999999999","","","","https://grupopapelerogutierrez.com.mx/wp-content/uploads/2020/06/790209605310.jpg","","","1060050","","","","","","35.0","","PRESENTACION","CAJA C/30","","0","","","","","No aplica","field_5fbf2c1eaa078","No aplica","field_5fbf2c2daa079","ATRIBUTO","VDE BANDERA","","0","","","","",""
"790209605266","variation","2-1060068","PAPEL AMERICA APSA (ROLLO) 70 CM X 5 MT VERDE PASTEL 106, CAJA C/30","1","0","visible","","PAPEL AMERICA APSA (ROLLO) 70 CM X 5 MT VERDE PASTEL 106","","","taxable","parent","1","","","0","0","","","","","0","","","975.7919999999999","","","","https://grupopapelerogutierrez.com.mx/wp-content/uploads/2020/06/NO-FOTO-1.png","","","1060050","","","","","","36.0","","PRESENTACION","CAJA C/30","","0","","","","","No aplica","field_5fbf2c1eaa078","No aplica","field_5fbf2c2daa079","ATRIBUTO","VERDE PASTEL","","0","","","","",""
"790209605440","variation","","PAPEL AMERICA APSA (ROLLO) 70 CM X 5 MT 50)","1","0","visible","","PAPEL AMERICA APSA (ROLLO) 70 CM X 5 MT","","","taxable","parent","1","","","0","0","","","","","0","","","","","","","https://grupopapelerogutierrez.com.mx/wp-content/uploads/2020/07/790209605440.jpg","","","1060050","","","","","","37.0","","PRESENTACION","PIEZA","","0","","","","","No aplica","field_5fbf2c1eaa078","No aplica","field_5fbf2c2daa079","ATRIBUTO","AMARILLO","","0","","","","",""
"21200665219","variable","1150006","BANDERITAS POST-IT 680-2 .025M X .043M 50H AZUL","1","0","visible","BANDERITAS POST-IT 50 H AZUL","BANDERITAS POST-IT 680-2 .025M X .043M 50H AZUL","","","taxable","","1","","","0","0","","","","","1","","","50.286","OFICINA > OFICINA > NOTAS ADHESIVAS > BANDERITAS","","","https://grupopapelerogutierrez.com.mx/wp-content/uploads/2020/05/21200665219.jpg, https://grupopapelerogutierrez.com.mx/wp-content/uploads/2020/05/21200665219.jpg, https://grupopapelerogutierrez.com.mx/wp-content/uploads/2020/05/21200665219.jpg, ","","","","","","","","","0.0","3:37.642","MARCA","POST-IT","1","1","","default","default","default","de 1 a 2 unidades","field_5fbf2c1eaa078","A partir de 3 unidades","field_5fbf2c2daa079","PRESENTACION","50H AZUL , 50H AZUL , 50H AZUL , ","1","0","default","","","0","0"
"30021200508180","variation","2-1150006","BANDERITAS POST-IT 680-2 .025M X .043M 50H AZUL, CAJA C/12","1","0","visible","","BANDERITAS POST-IT 680-2 .025M X .043M 50H AZUL","","","taxable","parent","1","","","0","0","","","","","0","","","603.432","","","","https://grupopapelerogutierrez.com.mx/wp-content/uploads/2020/05/21200665219.jpg","","","1150006","","","","","","1.0","","PRESENTACION","CAJA C/12","","0","","","","","No aplica","field_5fbf2c1eaa078","No aplica","field_5fbf2c2daa079","ATRIBUTO","","","0","","","","",""
"50021200508825","variation","3-1150006","BANDERITAS POST-IT 680-2 .025M X .043M 50H AZUL, EMP C/36","1","0","visible","","BANDERITAS POST-IT 680-2 .025M X .043M 50H AZUL","","","taxable","parent","1","","","0","0","","","","","0","","","1810.296","","","","https://grupopapelerogutierrez.com.mx/wp-content/uploads/2020/05/21200665219.jpg","","","1150006","","","","","","2.0","","PRESENTACION","EMP C/36","","0","","","","","No aplica","field_5fbf2c1eaa078","No aplica","field_5fbf2c2daa079","ATRIBUTO","","","0","","","","",""
"21200665219","variation","","BANDERITAS POST-IT 680-2 .025M X .043M 50H AZUL","1","0","visible","","BANDERITAS POST-IT 680-2 .025M X .043M 50H AZUL","","","taxable","parent","1","","","0","0","","","","","0","","","","","","","https://grupopapelerogutierrez.com.mx/wp-content/uploads/2020/05/21200665219.jpg","","","1150006","","","","","","3.0","3:37.642","PRESENTACION","Pieza","","0","","","","","de 1 a 2 unidades","field_5fbf2c1eaa078","A partir de 3 unidades","field_5fbf2c2daa079","ATRIBUTO","","","0","","","","",""
"1060148","simple","1060148","CARTONCILLO APSA NEGRO 50X70","1","0","visible","CARTONCILLO APSA NEGRO","CARTONCILLO APSA NEGRO 50X70","","","taxable","","1","","","0","0","","","","","1","","","2.9696","PAPELES > PAPELES > EXTENDIDOS > CARTONCILLO","","","https://grupopapelerogutierrez.com.mx/wp-content/uploads/2020/07/1060148.jpg","","","","","","","","","0.0","3:2.2156","MARCA","APSA","1","1","","default","default","default","de 1 a 2 unidades","field_5fbf2c1eaa078","A partir de 3 unidades","field_5fbf2c2daa079","PRESENTACION","PIEZA","1","0","","","","0","0"
"767982000243","variable","1000100","GRAPA FIFA PILOT No 400 STANDARD C/5040 G.6.35 mm(1/4)","1","0","visible","GRAPA FIFA PILOT 6.35 mm(1/4)","GRAPA FIFA PILOT No 400 STANDARD C/5040 G.6.35 mm(1/4)","","","taxable","","1","","","0","0","","","","","1","","","44.4744","OFICINA > OFICINA > ENGRAPADO > GRAPAS","","","https://gpg.com.mx/wp-content/uploads/2020/11/767982000243.jpg, https://gpg.com.mx/wp-content/uploads/2020/11/767982000243.jpg, https://gpg.com.mx/wp-content/uploads/2020/11/767982000243.jpg, ","","","","","","","","","0.0","3:33.292","MARCA","FIFA","1","1","","default","default","default","de 1 a 2 unidades","field_5fbf2c1eaa078","A partir de 3 unidades","field_5fbf2c2daa079","PRESENTACION","STANDARD, STANDARD, STANDARD, ","1","0","default","","","0","0"
"767982800249","variation","2-1000100","GRAPA FIFA PILOT No 400 STANDARD C/5040 G.6.35 mm(1/4), EMP C/20","1","0","visible","","GRAPA FIFA PILOT No 400 STANDARD C/5040 G.6.35 mm(1/4)","","","taxable","parent","1","","","0","0","","","","","0","","","889.488","","","","https://gpg.com.mx/wp-content/uploads/2020/11/767982000243.jpg","","","1000100","","","","","","1.0","","PRESENTACION","CAJA C/20","","0","","","","","No aplica","field_5fbf2c1eaa078","No aplica","field_5fbf2c2daa079","ATRIBUTO","","","0","","","","",""
"767982900246","variation","3-1000100","GRAPA FIFA PILOT No 400 STANDARD C/5040 G.6.35 mm(1/4), EMP C/100","1","0","visible","","GRAPA FIFA PILOT No 400 STANDARD C/5040 G.6.35 mm(1/4)","","","taxable","parent","1","","","0","0","","","","","0","","","4447.4400000000005","","","","https://gpg.com.mx/wp-content/uploads/2020/11/767982000243.jpg","","","1000100","","","","","","2.0","","PRESENTACION","EMP C/100","","0","","","","","No aplica","field_5fbf2c1eaa078","No aplica","field_5fbf2c2daa079","ATRIBUTO","","","0","","","","",""
"767982000243","variation","","GRAPA FIFA PILOT No 400 STANDARD C/5040 G.6.35 mm(1/4)","1","0","visible","","GRAPA FIFA PILOT No 400 STANDARD C/5040 G.6.35 mm(1/4)","","","taxable","parent","1","","","0","0","","","","","0","","","","","","","https://gpg.com.mx/wp-content/uploads/2020/11/767982000243.jpg","","","1000100","","","","","","3.0","3:33.292","PRESENTACION","PIEZA","","0","","","","","de 1 a 2 unidades","field_5fbf2c1eaa078","A partir de 3 unidades","field_5fbf2c2daa079","ATRIBUTO","","","0","","","","",""
"767982000144","variable","1000020","ENGRAPADORA PILOT DE GOLPE CROMADA C/2 CAJAS DE GRAPAS","1","0","visible","ENGRAPADORA PILOT CON CAJAS DE GRAPAS","ENGRAPADORA PILOT DE GOLPE CROMADA C/2 CAJAS DE GRAPAS","","","taxable","","1","","","0","0","","","","","1","","","450.82239999999996","OFICINA > OFICINA > ENGRAPADO > ENGRAPADORAS","","","https://grupopapelerogutierrez.com.mx/wp-content/uploads/2020/06/NO-FOTO-1.png, https://grupopapelerogutierrez.com.mx/wp-content/uploads/2020/06/NO-FOTO-1.png, ","","","","","","","","","0.0","3:337.444","MARCA","PILOT","1","1","","default","default","default","de 1 a 2 unidades","field_5fbf2c1eaa078","A partir de 3 unidades","field_5fbf2c2daa079","PRESENTACION","CON CAJAS DE GRAPAS, CON CAJAS DE GRAPAS, ","1","0","default","","","0","0"
"767982800454","variation","3-1000020","ENGRAPADORA PILOT DE GOLPE CROMADA C/2 CAJAS DE GRAPAS, EMP C/30","1","0","visible","","ENGRAPADORA PILOT DE GOLPE CROMADA C/2 CAJAS DE GRAPAS","","","taxable","parent","1","","","0","0","","","","","0","","","13524.671999999999","","","","https://grupopapelerogutierrez.com.mx/wp-content/uploads/2020/06/NO-FOTO-1.png","","","1000020","","","","","","1.0","","PRESENTACION","EMP C/30","","0","","","","","No aplica","field_5fbf2c1eaa078","No aplica","field_5fbf2c2daa079","ATRIBUTO","","","0","","","","",""
"767982000144","variation","","ENGRAPADORA PILOT DE GOLPE CROMADA C/2 CAJAS DE GRAPAS","1","0","visible","","ENGRAPADORA PILOT DE GOLPE CROMADA C/2 CAJAS DE GRAPAS","","","taxable","parent","1","","","0","0","","","","","0","","","","","","","https://grupopapelerogutierrez.com.mx/wp-content/uploads/2020/06/NO-FOTO-1.png","","","1000020","","","","","","2.0","3:337.444","PRESENTACION","PIEZA","","0","","","","","de 1 a 2 unidades","field_5fbf2c1eaa078","A partir de 3 unidades","field_5fbf2c2daa079","ATRIBUTO","","","0","","","","",""
